Timestamp,What inspired you to learn Python programming? (Select one) ,"What are your favorite movies, sports, or video games? Have you ever thought about creating your own games or applications based on these interests? ",Do you have any hobbies or interests that could benefit from learning Python programming? (You can Select multiple fields) ,"Have you used any programming languages before? If so, which ones and for what purposes?(Write No if you don't have any exp in other languages)","On a scale of 1 to 5, how comfortable are you with basic computer skills such as using a text editor, opening and saving files, and installing software? ",Which of the following topics are you most interested in learning about in Python programming? (Select all that apply) ,How much time per week are you willing to devote to learning Python programming? ,"Would you prefer a more structured approach to learning with specific assignments and deadlines, or a more self-directed approach where you can choose your own projects and pace? ","Do you have any specific goals in mind for what you want to achieve with Python programming, such as building a personal project, contributing to an open-source project, or obtaining a professional certification? (Select all that apply) ",Do you want to learn Python with Innovative approach?,,,,,,
2-20-2023 17:15:41,Job requirements,Sports,"Music, Sports",No,4 - Somewhat comfortable,"Basic syntax and data types, Control structures (if/else, loops, etc.), Object-oriented programming, File I/O",3-5 hours,Structured approach,Building a personal project,Yes,,,,,,
2-20-2023 14:28:56,Future goals,Sports,"Photography, Sports",C,3 - Neutral,"Basic syntax and data types, Control structures (if/else, loops, etc.), Functions and modules, Object-oriented programming, File I/O, Web development and APIs, Data analysis and visualization",3-5 hours,Structured approach,Building a personal project,Yes,,,,,,
2-20-2023 17:35:48,Future goals,Sports,"Photography,Music",No,5 - Very comfortable,"Basic syntax and data types, Control structures (if/else, loops, etc.), Functions and modules, Object-oriented programming, File I/O, Web development and APIs, Data analysis and visualization",3-5 hours,Structured approach,Building a personal project,Yes,,,,,,
2-21-2023 7:09:27,Job requirements,Movies,Music,No,2 - Somewhat uncomfortable,Functions and modules,6-10 hours,Structured approach,Building a personal project,Yes,,,,,,
2-20-2023 19:25:06,Job requirements,Movies,Photography,Java,4 - Somewhat comfortable,"Basic syntax and data types, Control structures (if/else, loops, etc.)",1-2 hours,Self-directed approach,Building a personal project,Yes,,,,,,
2-20-2023 21:34:18,Job requirements,Sports,"Photography, Sports",No,2 - Somewhat uncomfortable,"Basic syntax and data types, Control structures (if/else, loops, etc.), Functions and modules, Object-oriented programming, File I/O",1-2 hours,Self-directed approach,Building a personal project,Yes,,,,,,
2-20-2023 18:39:27,Future goals,Movies,"Photography, Music, Sports",Yes,4 - Somewhat comfortable,"Basic syntax and data types, Control structures (if/else, loops, etc.), Functions and modules, Object-oriented programming, File I/O",1-2 hours,Self-directed approach,Building a personal project,Yes,,,,,,
2-20-2023 21:06:35,Future goals,Movies,Music,No,4 - Somewhat comfortable,"Basic syntax and data types, Control structures (if/else, loops, etc.), Functions and modules, Object-oriented programming, File I/O",1-2 hours,Self-directed approach,Building a personal project,Yes,,,,,,
2-20-2023 21:01:27,Future goals,Movies,Music,No,5 - Very comfortable,"Basic syntax and data types, Control structures (if/else, loops, etc.), Functions and modules, Object-oriented programming, File I/O, Web development and APIs, Data analysis and visualization",1-2 hours,Self-directed approach,Building a personal project,Yes,,,,,,
2-20-2023 14:23:41,Future goals,Movies,Photography,"C,java",1 - Not at all comfortable,"Basic syntax and data types, Control structures (if/else, loops, etc.), Functions and modules, Object-oriented programming",3-5 hours,Self-directed approach,Building a personal project,Yes,,,,,,
2-20-2023 14:23:41,Future goals,Movies,Photography,"C,java ",3 - Neutral,"Basic syntax and data types, Control structures (if/else, loops, etc.), Functions and modules, Object-oriented programming",3-5 hours,Self-directed approach,Building a personal project,Yes,,,,,,
2-20-2023 14:27:52,Future goals,Sports,"Photography, Music, Sports",No,4 - Somewhat comfortable,"Basic syntax and data types, Object-oriented programming, Web development and APIs, Data analysis and visualization",3-5 hours,Self-directed approach,Building a personal project,Yes,,,,,,
2-20-2023 14:23:34,Future goals,Sports,"Photography, Music, Sports",No,4 - Somewhat comfortable,"Basic syntax and data types, Object-oriented programming, Web development and APIs, Data analysis and visualization",3-5 hours,Self-directed approach,Building a personal project,Yes,,,,,,
2-20-2023 16:58:04,Personal interest,Movies,Photography,No,3 - Neutral,Web development and APIs,3-5 hours,Self-directed approach,Building a personal project,Yes,,,,,,
2-20-2023 14:23:56,Personal interest,Video games,Music,Except c no other languages,5 - Very comfortable,"Basic syntax and data types, Control structures (if/else, loops, etc.), Functions and modules, Object-oriented programming, File I/O, Web development and APIs, Data analysis and visualization",6-10 hours,Self-directed approach,Building a personal project,Yes,,,,,,
2-20-2023 18:22:10,Personal interest,Movies,Music,C,4 - Somewhat comfortable,"Control structures (if/else, loops, etc.)",1-2 hours,Structured approach,Building a personal project,Yes,,,,,,
2-20-2023 18:04:08,Job requirements,Sports,Sports,No,4 - Somewhat comfortable,Object-oriented programming,6-10 hours,Self-directed approach,Building a personal project,Yes,,,,,,
2-20-2023 16:53:11,Future goals,Movies,Music,"Writing code to show happy symbol,... Emojis",2 - Somewhat uncomfortable,"Basic syntax and data types, Control structures (if/else, loops, etc.), Functions and modules, Object-oriented programming, File I/O",Less than 1 hour,Structured approach,"Building a personal project,Contributing to an open-source project",Yes,,,,,,
2-21-2023 10:36:19,Future goals,Movies,Music,No,3 - Neutral,"Basic syntax and data types, Control structures (if/else, loops, etc.), Functions and modules, Web development and APIs",Less than 1 hour,Structured approach,"Building a personal project,Contributing to an open-source project",Yes,,,,,,
2-20-2023 17:18:37,Future goals,Movies,"Photography,Music",No ,3 - Neutral,"Basic syntax and data types, Control structures (if/else, loops, etc.)",6-10 hours,Structured approach,"Building a personal project,Contributing to an open-source project",Yes,,,,,,
2-20-2023 17:11:22,Future goals,Video games,"Photography,Music",No,4 - Somewhat comfortable,"Basic syntax and data types, Control structures (if/else, loops, etc.)",6-10 hours,Structured approach,"Building a personal project,Contributing to an open-source project",Yes,,,,,,
2-20-2023 18:22:37,Job requirements,Movies,"Photography,Music",No,4 - Somewhat comfortable,"Basic syntax and data types, Control structures (if/else, loops, etc.), Object-oriented programming, File I/O, Data analysis and visualization",6-10 hours,Structured approach,"Building a personal project,Contributing to an open-source project",Yes,,,,,,
2-20-2023 20:55:30,Future goals,Movies,Sports,Python programming during my mini project ,5 - Very comfortable,"Basic syntax and data types, Functions and modules",6-10 hours,Structured approach,"Building a personal project,Contributing to an open-source project",Yes,,,,,,
2-20-2023 18:24:51,Future goals,Movies,"Photography,Music",No,4 - Somewhat comfortable,"Basic syntax and data types, Object-oriented programming, Web development and APIs, Data analysis and visualization",3-5 hours,Self-directed approach,"Building a personal project,Contributing to an open-source project",Yes,,,,,,
2-20-2023 18:03:40,Personal interest,Movies,Doodling ,Python (Mini project),4 - Somewhat comfortable,"Basic syntax and data types, Control structures (if/else, loops, etc.), Functions and modules, Web development and APIs",6-10 hours,Self-directed approach,"Building a personal project,Contributing to an open-source project",Yes,,,,,,
2-20-2023 18:53:26,Personal interest,Movies,Music,No,5 - Very comfortable,"Basic syntax and data types, Control structures (if/else, loops, etc.), Functions and modules, Object-oriented programming, File I/O",1-2 hours,Structured approach,"Building a personal project, Contributing to an open-source project, Obtaining a professional certification",Yes,,,,,,
2-20-2023 18:06:24,Future goals,Sports,"Photography, Sports","C,python basics for exams",5 - Very comfortable,"Basic syntax and data types, Control structures (if/else, loops, etc.), Functions and modules, Object-oriented programming, File I/O, Web development and APIs, Data analysis and visualization",1-2 hours,Structured approach,"Building a personal project, Contributing to an open-source project, Obtaining a professional certification",Yes,,,,,,
2-20-2023 17:08:40,Job requirements,Movies,"Photography, Music, Sports","C, java ",4 - Somewhat comfortable,"Basic syntax and data types, Control structures (if/else, loops, etc.), Functions and modules, Object-oriented programming, File I/O, Web development and APIs, Data analysis and visualization",3-5 hours,Structured approach,"Building a personal project, Contributing to an open-source project, Obtaining a professional certification",Yes,,,,,,
2-20-2023 19:40:22,Job requirements,Movies,Drawing,"Yes, for developing mini projects",5 - Very comfortable,"Functions and modules, Object-oriented programming, File I/O, Data analysis and visualization",3-5 hours,Structured approach,"Building a personal project, Contributing to an open-source project, Obtaining a professional certification",Yes,,,,,,
2-20-2023 17:05:12,Personal interest,Movies,"Photography, Music, Sports, Reading books ",Java for creating a game for an assignment ,5 - Very comfortable,"Basic syntax and data types, Control structures (if/else, loops, etc.), Functions and modules, Object-oriented programming",6-10 hours,Structured approach,"Building a personal project, Contributing to an open-source project, Obtaining a professional certification",Yes,,,,,,
2-20-2023 17:12:32,Personal interest,Video games,"Music, Sports",Html for web site design ,5 - Very comfortable,"Basic syntax and data types, Control structures (if/else, loops, etc.), Functions and modules, Object-oriented programming, File I/O",6-10 hours,Structured approach,"Building a personal project, Contributing to an open-source project, Obtaining a professional certification",Yes,,,,,,
2-20-2023 20:22:42,Job requirements,Movies,Photography,Java ,4 - Somewhat comfortable,"Basic syntax and data types, Control structures (if/else, loops, etc.), Functions and modules, Object-oriented programming, File I/O, Web development and APIs, Data analysis and visualization",6-10 hours,Structured approach,"Building a personal project, Contributing to an open-source project, Obtaining a professional certification",Yes,,,,,,
2-21-2023 11:21:44,Future goals,Movies,Animations ,javascript for webdevelopment,5 - Very comfortable,"Functions and modules, Object-oriented programming, Data analysis and visualization",More than 10 hours,Structured approach,"Building a personal project, Contributing to an open-source project, Obtaining a professional certification",Yes,,,,,,
2-20-2023 14:38:44,Job requirements,Video games,"Photography,Music",No,4 - Somewhat comfortable,"Basic syntax and data types, Control structures (if/else, loops, etc.), Functions and modules, Object-oriented programming, File I/O",3-5 hours,Self-directed approach,"Building a personal project, Contributing to an open-source project, Obtaining a professional certification",Yes,,,,,,
2-20-2023 18:35:45,Personal interest,Movies,"Vj, stock market ",No,3 - Neutral,"Basic syntax and data types, Control structures (if/else, loops, etc.), Functions and modules, Object-oriented programming, File I/O, Web development and APIs, Data analysis and visualization",3-5 hours,Self-directed approach,"Building a personal project, Contributing to an open-source project, Obtaining a professional certification",Yes,,,,,,
2-20-2023 18:43:58,Future goals,Video games,Sports,No,4 - Somewhat comfortable,"Basic syntax and data types, Control structures (if/else, loops, etc.), Functions and modules, Object-oriented programming, File I/O, Web development and APIs, Data analysis and visualization",3-5 hours,Self-directed approach,"Building a personal project, Contributing to an open-source project, Obtaining a professional certification",Yes,,,,,,
2-20-2023 14:26:59,Job requirements,Sports,"Music, Sports",C language ,3 - Neutral,"Basic syntax and data types, Functions and modules, Web development and APIs",3-5 hours,Self-directed approach,"Building a personal project, Contributing to an open-source project, Obtaining a professional certification",Yes,,,,,,
2-20-2023 14:24:56,Personal interest,Video games,"Photography, Music, Sports",Except C no other languages ,5 - Very comfortable,"Basic syntax and data types, Control structures (if/else, loops, etc.), Functions and modules, Object-oriented programming, File I/O, Web development and APIs, Data analysis and visualization",6-10 hours,Self-directed approach,"Building a personal project, Contributing to an open-source project, Obtaining a professional certification",Yes,,,,,,
2-20-2023 14:54:08,Job requirements,Sports,"Music, Sports",No,4 - Somewhat comfortable,"Control structures (if/else, loops, etc.), Functions and modules, Object-oriented programming",6-10 hours,Self-directed approach,"Building a personal project, Contributing to an open-source project, Obtaining a professional certification",Yes,,,,,,
2-20-2023 14:17:03,Job requirements,Sports,Sports,No,3 - Neutral,"Basic syntax and data types, Control structures (if/else, loops, etc.), Functions and modules, Object-oriented programming, File I/O, Web development and APIs, Data analysis and visualization",More than 10 hours,Structured approach,"Building a personal project, Contributing to an open-source project, Obtaining a professional certification",Yes,,,,,,
2-20-2023 13:32:50,Job requirements,Movies,Reading books,no,4 - Somewhat comfortable,"Basic syntax and data types, Control structures (if/else, loops, etc.), Functions and modules, Object-oriented programming, File I/O",3-5 hours,Structured approach,"Building a personal project, Obtaining a professional certification",Yes,,,,,,
2-20-2023 18:51:02,Personal interest,Video games,Music,"Yes, I have used C,C++,Java",4 - Somewhat comfortable,"Functions and modules, Object-oriented programming, Data analysis and visualization",3-5 hours,Structured approach,"Building a personal project, Obtaining a professional certification",Yes,,,,,,
2-20-2023 19:41:38,Job requirements,Video games,"Photography,Music",No,4 - Somewhat comfortable,"Basic syntax and data types, Control structures (if/else, loops, etc.), Functions and modules, Web development and APIs, Data analysis and visualization",Less than 1 hour,Self-directed approach,"Building a personal project, Obtaining a professional certification",Yes,,,,,,
2-20-2023 18:44:11,Future goals,Sports,"Photography,Music",C programming ,4 - Somewhat comfortable,"Basic syntax and data types, Control structures (if/else, loops, etc.), Functions and modules, Object-oriented programming",1-2 hours,Structured approach,Contributing to an open-source project,Yes,,,,,,
2-20-2023 14:23:43,Job requirements,Movies,Music,No,3 - Neutral,"Basic syntax and data types, Control structures (if/else, loops, etc.), Object-oriented programming, File I/O",1-2 hours,Structured approach,Contributing to an open-source project,Yes,,,,,,
2-20-2023 17:13:12,Future goals,Video games,Can build my career for future goals.,No,5 - Very comfortable,"Basic syntax and data types, Object-oriented programming, File I/O, Web development and APIs",1-2 hours,Structured approach,Contributing to an open-source project,Yes,,,,,,
2-20-2023 18:15:57,Job requirements,Sports,Sports,C language ,4 - Somewhat comfortable,"Basic syntax and data types, Control structures (if/else, loops, etc.), Functions and modules, Object-oriented programming, File I/O, Web development and APIs, Data analysis and visualization",3-5 hours,Structured approach,Contributing to an open-source project,Yes,,,,,,
2-20-2023 18:30:55,Job requirements,Movies,Music,No,5 - Very comfortable,Data analysis and visualization,More than 10 hours,Structured approach,Contributing to an open-source project,Yes,,,,,,
2-20-2023 14:21:54,Personal interest,Sports,Sports,C language ,4 - Somewhat comfortable,Basic syntax and data types,1-2 hours,Self-directed approach,Contributing to an open-source project,Yes,,,,,,
2-20-2023 18:22:03,Future goals,Video games,"Photography,Music",No,2 - Somewhat uncomfortable,"Basic syntax and data types, Control structures (if/else, loops, etc.), Functions and modules, Object-oriented programming, File I/O, Web development and APIs, Data analysis and visualization",1-2 hours,Structured approach,"Contributing to an open-source project, Obtaining a professional certification",Yes,,,,,,
2-20-2023 14:23:07,Personal interest,Sports,"Music, Sports","C,java",2 - Somewhat uncomfortable,"Basic syntax and data types, Control structures (if/else, loops, etc.)",1-2 hours,Structured approach,Obtaining a professional certification,Yes,,,,,,
2-20-2023 18:58:35,Job requirements,Movies,Music,C language ,4 - Somewhat comfortable,"Basic syntax and data types, Control structures (if/else, loops, etc.), Functions and modules, Object-oriented programming, File I/O",1-2 hours,Structured approach,Obtaining a professional certification,Yes,,,,,,
2-20-2023 14:27:28,Job requirements,Movies,Music,C and basic java,4 - Somewhat comfortable,Web development and APIs,1-2 hours,Structured approach,Obtaining a professional certification,Yes,,,,,,
2-20-2023 14:27:28,Job requirements,Movies,Music,"C, basics of java",4 - Somewhat comfortable,Web development and APIs,1-2 hours,Structured approach,Obtaining a professional certification,Yes,,,,,,
2-20-2023 14:22:03,Personal interest,Movies,Photography,C c++,2 - Somewhat uncomfortable,"Basic syntax and data types, Control structures (if/else, loops, etc.), Functions and modules, Object-oriented programming, File I/O, Web development and APIs, Data analysis and visualization",3-5 hours,Structured approach,Obtaining a professional certification,Yes,,,,,,
2-21-2023 8:12:49,Job requirements,Movies,Developer ,C,4 - Somewhat comfortable,"Object-oriented programming, Web development and APIs, Data analysis and visualization",More than 10 hours,Structured approach,Obtaining a professional certification,Yes,,,,,,
2-20-2023 14:19:51,Job requirements,Movies,Music,"C, python ",4 - Somewhat comfortable,"Basic syntax and data types, Control structures (if/else, loops, etc.)",Less than 1 hour,Structured approach,Obtaining a professional certification,Yes,,,,,,
2-20-2023 14:19:17,Job requirements,Movies,Music,"C, python",4 - Somewhat comfortable,"Basic syntax and data types, Control structures (if/else, loops, etc.), Functions and modules, Object-oriented programming",Less than 1 hour,Structured approach,Obtaining a professional certification,Yes,,,,,,
